Date,"0-999","1000-1999","2000-2999","3000-3999","4000-4999","5000-5999","6000-6999","7000-7999","8000-8999","9000-9999","10000-10999","11000-11999","12000-12999"
2021-10-01,508.535,689.957,896.175,969.558,1017.03,1086.96,1137.41,1225.82,1246.11,1218.83,1124.37,1015.18,980.063
2021-10-02,508.267,689.676,895.879,969.223,1016.63,1086.57,1137.06,1225.51,1245.83,1218.56,1124.09,1014.84,979.694
2021-10-03,507.805,689.103,895.192,968.47,1015.83,1085.7,1136.14,1224.54,1244.77,1217.41,1122.95,1013.78,978.681
2021-10-04,507.673,688.889,894.794,967.88,1015.09,1084.95,1135.36,1223.73,1243.89,1216.46,1122.01,1012.89,977.817
2021-10-05,507.329,688.202,893.47,966.06,1013.04,1082.8,1133.22,1221.64,1241.93,1214.61,1120.26,1011.19,976.13
2021-10-06,505.926,686.196,891.111,963.563,1010.49,1080.2,1130.67,1219.11,1239.34,1211.91,1117.66,1008.81,973.823
2021-10-07,505.519,685.612,890.078,962.155,1008.75,1078.35,1128.81,1217.26,1237.46,1209.99,1115.84,1007.19,972.304
2021-10-08,505.142,685.028,889.311,961.322,1007.95,1077.53,1128.02,1216.44,1236.6,1209.14,1114.97,1006.23,971.296
2021-10-09,505.082,684.928,889.066,960.906,1007.42,1076.92,1127.42,1215.84,1236.01,1208.52,1114.39,1005.77,970.861
2021-10-10,505.023,684.805,888.894,960.683,1007.13,1076.58,1127.03,1215.4,1235.47,1207.89,1113.76,1005.15,970.223
2021-10-11,504.5,684.064,888.12,959.844,1006.08,1075.37,1125.81,1214.11,1234.12,1206.45,1112.43,1004.05,969.15
2021-10-12,503.427,682.752,886.542,958.1,1004.22,1073.35,1123.76,1212.04,1232.08,1204.38,1110.56,1002.47,967.592
2021-10-13,503.097,682.453,886.235,957.731,1003.79,1072.87,1123.22,1211.44,1231.35,1203.52,1109.63,1001.45,966.532
2021-10-14,502.74,682.126,885.874,957.314,1003.32,1072.5,1122.88,1211.15,1231.12,1203.3,1109.41,1001.24,966.331
2021-10-15,501.641,680.619,883.576,954.54,1000.37,1069.44,1119.86,1208.14,1227.98,1200.12,1106.19,997.928,963.091
2021-10-16,501.57,680.458,883.204,953.952,999.612,1068.54,1119.03,1207.33,1227.22,1199.44,1105.6,997.445,962.643
2021-10-17,501.394,679.857,882.095,952.535,997.847,1066.54,1117.17,1205.49,1225.36,1197.59,1104.09,996.362,961.675
2021-10-18,500.279,678.245,879.827,949.741,994.75,1063.1,1113.68,1201.88,1221.66,1193.84,1100.53,993.021,958.349
2021-10-19,499.672,677.322,878.215,947.531,992.132,1060.25,1110.79,1198.96,1218.79,1191,1097.95,990.767,956.163
2021-10-20,499.522,677.027,877.72,946.813,991.213,1059.31,1109.77,1197.86,1217.61,1189.73,1096.81,989.88,955.36
2021-10-21,498.811,675.932,876.065,944.839,989.067,1057.04,1107.52,1195.57,1215.28,1187.36,1094.61,987.936,953.555
2021-10-22,498.083,674.957,874.805,943.445,987.664,1055.58,1106.06,1194.09,1213.79,1185.86,1093.23,986.743,952.46
2021-10-23,497.632,674.361,874.061,942.524,986.572,1054.32,1104.7,1192.63,1212.25,1184.3,1091.78,985.418,951.141
2021-10-24,497.02,673.32,872.697,941.023,984.867,1052.49,1102.93,1190.87,1210.48,1182.54,1090.24,984.107,949.855
2021-10-25,495.187,670.819,869.582,937.549,981.034,1048.49,1099.17,1187.15,1207.02,1179.35,1087.55,982.053,947.972
2021-10-26,492.192,666.518,863.76,930.712,973.351,1039.96,1090.4,1177.98,1198.01,1170.71,1079.79,975.455,941.711
2021-10-27,489.86,663.366,859.863,926.556,969.175,1035.7,1086.09,1173.57,1193.56,1166.12,1075.33,971.389,937.791
2021-10-28,487.732,660.85,857.022,923.573,966.17,1032.61,1082.99,1170.44,1190.37,1162.85,1072.13,968.333,934.809
2021-10-29,486.176,658.903,854.371,920.331,962.466,1028.59,1079.01,1166.48,1186.49,1159.09,1068.82,965.615,932.206
2021-10-30,484.137,656.559,851.553,917.107,958.624,1024.38,1074.82,1162.28,1182.28,1154.74,1064.65,961.759,928.373
2021-10-31,481.942,654.063,848.483,913.615,955.03,1020.61,1071.06,1158.5,1178.51,1151,1061.13,958.397,924.973
2021-11-01,480.466,652.116,845.965,910.773,951.89,1017.21,1067.64,1154.99,1174.8,1147.08,1057.32,954.774,921.351
2021-11-02,479.413,650.747,844.251,908.86,949.868,1015,1065.25,1152.29,1172.02,1144.38,1054.92,952.767,919.477
2021-11-03,478.53,649.363,842.237,906.508,947.347,1012.32,1062.52,1149.36,1169.06,1141.46,1052.22,950.352,917.111
2021-11-04,477.531,648.014,840.448,904.571,945.405,1010.25,1060.31,1146.94,1166.51,1138.86,1049.75,948.072,914.902
2021-11-05,476.541,646.725,839.038,903.172,944.063,1008.84,1058.96,1145.52,1165.05,1137.39,1048.43,946.934,913.829
2021-11-06,476.501,646.604,838.743,902.758,943.551,1008.25,1058.3,1144.75,1164.23,1136.52,1047.59,946.043,912.839
2021-11-07,476.207,645.936,837.556,901.264,941.767,1006.26,1056.2,1142.48,1162.07,1134.47,1045.65,944.042,910.755
2021-11-08,475.875,645.144,836.343,899.887,940.291,1004.76,1054.68,1140.83,1160.37,1132.84,1044.12,942.631,909.324
2021-11-09,473.736,641.98,831.986,894.81,934.756,999.052,1048.87,1134.78,1154.58,1127.34,1039.14,938.279,905.177
2021-11-10,471.107,638.216,827.138,889.382,928.959,992.983,1042.64,1128.21,1148.1,1121.01,1033.35,933.209,900.307
2021-11-11,469.522,635.774,823.89,885.888,925.341,989.143,1038.54,1123.68,1143.53,1116.63,1029.46,929.936,897.175
2021-11-12,466.497,632.263,819.939,881.668,921.011,984.657,1033.92,1118.7,1138.55,1111.86,1025.1,925.948,893.237
2021-11-13,465.54,631.096,818.425,880.027,919.332,982.93,1032.13,1116.79,1136.62,1109.98,1023.36,924.371,891.695
2021-11-14,463.293,628.056,814.734,876.176,915.444,978.862,1027.9,1112.19,1132.12,1105.84,1019.7,921.215,888.726
2021-11-15,460.426,624.237,809.39,869.838,908.785,971.856,1020.58,1104.21,1124.24,1098.45,1013.17,915.561,883.341
2021-11-16,460.15,623.853,808.867,869.271,908.163,971.225,1019.9,1103.4,1123.24,1097.35,1012.14,914.597,882.321
2021-11-17,459.167,622.194,806.751,867.107,905.856,968.753,1017.47,1100.77,1120.46,1094.54,1009.64,912.537,880.392
2021-11-18,456.257,617.668,800.579,859.985,897.999,960.442,1009.05,1092.04,1112.54,1087.47,1003.33,906.935,874.912
2021-11-19,453.095,613.443,794.936,853.496,891.071,953.083,1001.45,1083.93,1104.44,1079.46,995.931,900.295,868.494
2021-11-20,452.003,611.555,792.038,850.201,887.925,949.736,997.806,1079.76,1099.99,1074.96,991.875,896.723,864.959
2021-11-21,449.527,608.647,788.735,846.698,884.232,945.855,993.737,1075.42,1095.62,1070.66,988.009,893.376,861.708
2021-11-22,447.446,605.927,785.427,843.164,880.68,942.183,989.902,1071.33,1091.49,1066.61,984.413,890.307,858.758
2021-11-23,445.757,603.183,781.454,838.559,875.654,936.774,984.35,1065.48,1086,1061.53,979.997,886.652,855.348
2021-11-24,444.44,600.996,778.615,835.43,872.266,932.955,980.278,1060.8,1081.15,1056.84,976.041,883.49,852.294
2021-11-25,442.12,597.393,773.829,829.856,865.958,926.189,973.3,1053.16,1073.61,1049.77,969.902,878.431,847.454
2021-11-26,439.577,593.943,769.28,824.937,861.203,921.256,967.976,1047.3,1067.58,1043.74,964.215,873.249,842.438
2021-11-27,437.4,591.027,765.581,820.867,856.993,916.942,963.538,1042.49,1062.73,1038.95,959.881,869.346,838.577
2021-11-28,434.402,587.253,761.356,816.62,852.634,912.416,958.943,1037.5,1057.42,1033.52,954.872,864.861,834.2
2021-11-29,432.099,584.268,757.566,812.23,847.862,907.297,953.516,1031.56,1051.32,1027.46,949.335,859.865,829.245
2021-11-30,429.977,581.213,753.451,807.505,842.61,901.794,947.909,1025.55,1045.34,1021.66,944.078,855.261,824.748
2021-12-01,426.793,576.684,747.774,801.427,836.496,895.245,940.952,1017.94,1037.8,1014.35,937.717,850.021,819.701
2021-12-02,424.146,573.178,743.187,796.476,831.275,889.758,935.149,1011.52,1031.05,1007.42,931.028,843.783,813.717
2021-12-03,420.679,568.492,736.991,789.806,824.591,882.688,927.831,1003.39,1022.78,999.35,923.635,837.117,807.342
2021-12-04,417.768,564.922,732.444,784.814,819.259,877.084,921.869,996.745,1015.79,992.247,916.68,830.313,800.608
2021-12-05,416.209,562.75,729.652,781.971,816.429,874.004,918.581,993.009,1011.83,988.086,912.645,826.609,797.079
2021-12-06,414.936,560.86,727.148,779.504,814.163,871.703,916.331,990.644,1009.64,986.064,910.782,824.93,795.443
2021-12-07,413.265,558.838,724.515,776.613,811.099,868.435,912.808,986.631,1005.43,981.753,906.724,821.478,792.274
2021-12-08,410.666,554.725,718.542,770.094,804.436,861.499,905.707,978.806,997.571,974.144,899.932,816.106,787.436
2021-12-09,407.491,551.244,714.34,765.574,799.639,856.285,899.995,972.142,990.373,966.793,893.089,810.031,781.675
2021-12-10,405.875,548.708,710.741,761.682,795.443,851.703,895.294,966.837,985.211,961.883,888.581,806.03,777.899
2021-12-11,403.153,544.999,705.989,756.759,790.478,846.669,890.134,961.218,979.466,956.184,883.168,801.169,773.289
2021-12-12,399.91,540.654,700.079,750.401,784.382,840.412,883.724,954.121,972.161,948.853,876.437,795.486,768.078
2021-12-13,395.329,534.941,693.106,743.053,776.727,832.502,875.696,945.537,963.56,940.344,868.417,788.332,761.349
2021-12-14,392.323,530.91,687.815,737.308,770.784,826.133,868.78,937.677,955.227,931.888,860.127,780.251,753.51
2021-12-15,388.641,526.189,681.869,730.932,764.197,819.093,861.173,929.053,946.678,923.776,852.633,773.618,747.251
2021-12-16,386.292,523.379,678.395,727.139,760.102,814.587,856.265,923.294,940.481,917.402,846.818,768.766,742.726
2021-12-17,383.087,519.169,673.003,721.337,753.996,808.163,849.568,915.869,932.646,909.4,839.073,761.415,735.591
2021-12-18,381.038,516.926,670.45,718.611,751.138,805.192,846.466,912.46,928.986,905.585,835.421,758.155,732.531
2021-12-19,378.631,513.598,665.94,713.639,745.777,799.654,840.717,906.259,922.749,899.416,829.422,752.45,727.072
2021-12-20,376.368,510.359,661.458,708.56,740.364,793.948,834.599,899.291,915.543,892.324,822.387,745.383,720.171
2021-12-21,373.687,506.527,656.343,703.159,734.779,787.938,828.212,891.943,907.789,884.508,815.079,738.941,714.224
2021-12-22,371.168,503.138,651.818,698.125,729.302,782.091,822.227,885.278,901.047,877.753,808.37,732.305,707.802
2021-12-23,365.08,495.615,642.665,688.796,719.882,772.291,812.165,874.332,889.991,866.91,798.192,722.884,698.827
2021-12-24,361.262,490.687,636.153,681.77,713.01,765.177,804.738,866.074,881.684,858.699,790.069,714.698,690.635
2021-12-25,358.49,487.096,631.404,676.572,707.684,759.74,798.932,859.7,874.902,851.56,782.642,706.845,682.674
2021-12-26,355.498,483.12,626.02,670.518,700.972,752.559,791.525,851.526,866.666,843.535,775.125,700.078,676.135
2021-12-27,351.951,478.709,620.59,664.935,695.224,746.618,785.319,844.695,859.693,836.543,768.192,693.331,669.538
2021-12-28,350.17,476.169,617.03,661.111,691.651,742.996,781.515,840.347,855.085,831.822,763.763,689.202,665.567
2021-12-29,348.218,473.648,613.931,657.94,688.566,739.851,778.165,836.558,851.18,827.904,760.057,685.802,662.325
2021-12-30,343.659,467.35,605.896,649.582,680.177,731.202,769.307,826.911,841.694,818.872,751.698,678.481,655.503
2021-12-31,339.673,462.486,599.276,642.247,672.556,723.189,760.814,817.241,831.627,808.909,742.291,669.936,647.457
2022-01-01,337.118,458.899,594.281,636.531,666.543,716.871,754.061,809.521,823.414,800.64,734.371,662.486,640.32
2022-01-02,335.268,455.744,589.774,631.708,661.29,711.077,748.016,803.172,816.924,794.366,728.636,657.281,635.374
2022-01-03,331.579,450.477,582.826,624.173,653.16,702.393,738.928,793.476,806.833,784.452,719.473,649.061,627.578
2022-01-04,327.635,445.608,576.824,617.834,646.631,695.117,731.09,785.023,798.068,775.81,711.367,641.534,620.396
2022-01-05,324.971,441.505,571.284,611.773,640.188,688.311,724.119,777.807,790.87,768.87,704.962,635.794,614.943
2022-01-06,320.088,434.481,562.205,602.234,630.277,677.798,713.141,766.105,778.518,756.347,692.644,623.659,602.918
2022-01-07,316.597,430.024,556.816,596.733,624.867,672.116,707.165,759.67,771.773,749.661,686.264,617.486,596.861
2022-01-08,313.987,426.387,552.258,591.949,619.824,666.732,701.598,753.757,765.772,743.832,680.903,612.514,592.008
2022-01-09,311.373,422.691,547.374,586.576,614.232,660.909,695.526,747.337,758.968,736.965,674.38,606.423,586.173
2022-01-10,308.327,418.432,541.822,580.688,608.175,654.302,688.58,739.919,751.198,729.236,667.179,599.755,579.703
2022-01-11,305.334,414.43,536.875,575.496,602.678,648.459,682.559,733.649,744.911,723.115,661.546,594.689,574.907
2022-01-12,301.81,409.411,530.642,569.174,596.387,641.834,675.869,726.672,737.713,715.978,654.855,588.56,568.938
2022-01-13,300.291,407.188,527.847,566.277,593.405,638.696,672.668,723.298,734.122,712.262,651.365,585.436,565.964
2022-01-14,298.005,403.885,523.519,561.797,588.743,633.707,667.568,718.041,729.023,707.45,647.048,581.673,562.358
2022-01-15,296.52,401.692,520.574,558.693,585.514,630.237,663.91,714.044,724.71,703.032,642.909,578.047,558.993
2022-01-16,293.849,398.052,515.943,553.81,580.248,624.49,657.925,707.728,718.389,697.045,637.448,573.088,554.236
2022-01-17,291.499,394.435,511.231,548.951,575.398,619.149,652.358,701.775,712.342,691.192,632.128,568.409,549.811
2022-01-18,288.574,390.386,505.973,543.377,569.538,612.598,645.378,694.219,704.482,683.52,625.173,562.235,543.919
2022-01-19,286.129,386.907,501.636,538.943,565.029,607.894,640.622,689.21,699.283,678.469,620.59,558.1,539.884
2022-01-20,282.475,381.572,494.611,531.368,556.969,599.044,631.463,679.606,689.569,668.996,611.831,550.275,532.463
2022-01-21,280.073,378.346,490.563,527.065,552.351,594.034,626.227,674.021,683.786,663.176,606.324,545.311,527.714
2022-01-22,276.225,372.466,482.822,518.935,543.812,584.632,616.639,664.091,673.935,653.762,597.693,537.618,520.381
2022-01-23,274.306,369.636,478.961,514.66,539.416,579.836,611.585,658.627,668.281,648.291,592.727,533.135,516.055
2022-01-24,269.786,363.472,471.46,507.035,531.604,571.4,602.745,649.212,658.513,638.567,583.384,524.121,507.176
2022-01-25,264.527,356.481,462.64,497.817,522.335,561.723,592.755,638.655,647.795,628.17,573.756,515.472,498.931
2022-01-26,259.862,349.985,454.366,489.18,513.549,552.292,583.068,628.465,637.817,618.971,565.65,508.512,492.194
2022-01-27,257.944,346.996,450.405,484.926,508.878,547.117,577.604,622.589,631.698,612.936,560.164,503.962,488.033
2022-01-28,254.662,342.933,445.52,479.864,503.826,541.649,571.905,616.459,625.248,606.509,554.316,498.912,483.313
2022-01-29,251.088,338.352,440.178,474.241,497.856,535.266,565.066,609.168,617.675,598.817,546.662,491.204,475.612
2022-01-30,248.738,335.234,436.284,470.154,493.962,531.243,560.812,604.653,613.122,594.316,542.178,486.679,471.119
2022-01-31,247.069,332.919,433.502,467.345,491.164,528.19,557.625,601.269,609.603,590.811,538.976,483.783,468.343
2022-02-01,245.213,330.562,430.557,464.184,487.744,524.439,553.617,596.784,604.754,585.926,534.478,479.743,464.398
2022-02-02,244.156,329.187,428.875,462.351,485.788,522.298,551.26,594.137,602.056,583.411,532.127,477.443,462.106
2022-02-03,242.95,327.43,426.459,459.718,482.987,519.401,548.205,590.774,598.59,580.157,529.289,474.977,459.747
2022-02-04,239.806,322.861,420.766,453.877,477.037,512.995,541.512,583.587,591.3,573.171,522.841,468.922,453.918
2022-02-05,236.653,319.052,416.358,449.32,472.439,508.273,536.688,578.514,586.204,568.24,518.153,464.419,449.509
2022-02-06,234.536,316.384,413.014,445.769,468.746,504.334,532.561,574.009,581.563,563.779,514.115,460.671,445.78
2022-02-07,233.436,314.605,410.435,442.96,465.592,500.955,528.952,570.01,577.224,559.487,510.097,456.861,442.001
2022-02-08,229.691,308.915,402.975,435.164,457.66,492.592,520.439,561.107,568.435,551.318,502.988,450.674,435.978
2022-02-09,224.643,302.478,394.632,426.155,448.587,482.599,509.843,549.606,556.991,540.74,493.651,442.355,427.86
2022-02-10,220.898,297.052,387.477,418.655,440.846,473.948,500.735,539.708,546.823,531.082,485.18,434.827,420.512
2022-02-11,217.19,291.944,380.875,411.909,434.077,466.673,493.173,531.623,538.705,523.354,478.286,428.761,414.767
2022-02-12,214.425,287.764,375.319,406.109,428.152,460.394,486.527,524.473,531.408,516.17,471.694,422.701,408.921
2022-02-13,212.203,284.565,371.164,401.592,423.272,455.032,480.633,517.949,524.555,509.515,465.581,417.032,403.465
2022-02-14,208.33,279.868,365.094,394.85,416.312,447.672,472.931,509.69,516.58,502.286,459.132,411.434,398.177
2022-02-15,204.655,274.45,357.5,386.558,407.685,438.415,463.051,498.956,505.465,491.481,449.121,402.431,389.65
2022-02-16,201.111,269.446,351.1,379.811,400.568,430.617,454.968,490.327,496.968,483.521,442.006,396.216,383.814
2022-02-17,196.661,263.587,343.544,371.578,391.811,421.345,445.011,479.724,486.246,473.049,431.959,386.869,375.017
2022-02-18,192.338,257.161,334.972,362.462,382.26,411.111,434.374,468.425,475.079,462.483,422.077,377.769,366.456
2022-02-19,188.52,251.803,327.764,354.545,373.908,402.166,424.902,458.089,464.376,452.004,412.288,368.866,358.037
2022-02-20,185.529,247.536,321.952,348.202,367.293,395.058,417.425,450.15,456.482,444.352,404.973,362.025,351.524
2022-02-21,181.582,241.907,314.413,340.297,359.458,386.609,408.785,441.028,447.485,435.749,397.135,354.908,344.644
2022-02-22,178.922,238.033,309.416,335.123,354.106,380.642,402.316,433.772,439.941,428.49,390.545,349.046,338.991
2022-02-23,176.743,234.773,304.808,329.946,348.658,374.729,395.998,426.82,432.783,421.635,384.62,344.025,334.27
2022-02-24,174.58,231.545,300.443,325.24,343.786,369.409,390.155,420.264,425.829,414.807,378.347,338.102,328.45
2022-02-25,172.751,229.109,297.142,321.594,339.75,365.026,385.388,415.015,420.339,409.376,373.405,333.57,324.107
2022-02-26,171.454,227.139,294.213,318.351,336.133,360.945,381.014,410.16,415.206,404.195,368.542,329.094,319.815
2022-02-27,169.722,224.583,290.589,314.259,331.908,356.35,375.965,404.529,409.223,398.229,362.88,323.723,314.713
2022-02-28,165.933,219.227,283.767,307.307,324.881,348.941,368.364,396.497,401.082,390.374,355.715,317.3,308.682
2022-03-01,162.804,214.79,277.844,301.119,318.746,342.403,361.482,389.105,393.618,383.271,349.299,311.643,303.359
2022-03-02,159.727,210.9,272.79,295.66,313.184,336.491,355.312,382.628,387.192,377.094,343.661,306.524,298.381
2022-03-03,155.232,205.528,266.148,288.408,305.434,328.33,346.77,373.623,378.043,368.201,335.555,299.194,291.244
2022-03-04,151.024,199.562,258.402,280.274,297.036,319.292,337.298,363.634,368.007,358.601,326.919,291.423,283.666
2022-03-05,147.325,194.697,251.937,273.374,289.806,311.566,329.376,355.431,359.65,350.334,319.169,284.028,276.217
2022-03-06,143.555,189.783,245.512,266.557,282.83,304.069,321.603,347.401,351.832,342.991,312.543,278.101,270.478
2022-03-07,138.262,183.098,237.598,258.581,274.995,295.885,313.268,338.747,343.289,334.935,305.233,271.456,263.97
2022-03-08,135.198,178.872,232.093,252.677,268.799,288.943,305.87,330.787,335.29,327.379,298.582,265.735,258.472
2022-03-09,132.786,175.59,227.7,248.089,264.36,284.098,300.684,325.075,329.452,321.821,293.853,262.186,255.244
2022-03-10,131.607,174.014,225.473,245.563,261.622,281.029,297.384,321.51,325.82,318.336,290.851,259.797,253.013
2022-03-11,129.751,171.592,222.246,241.989,257.507,276.484,292.581,316.523,320.918,313.692,286.67,256.271,249.671
2022-03-12,125.835,166.442,215.898,235.603,251.287,269.924,285.729,309.361,314.037,307.412,281.075,251.598,245.339
2022-03-13,123.337,163.03,211.465,231.028,247.179,265.816,281.592,305.081,309.771,303.421,277.646,248.803,242.753
2022-03-14,120.918,159.881,207.312,226.645,242.65,260.889,276.67,299.977,304.891,298.942,273.793,245.724,239.887
2022-03-15,117.22,155.299,201.497,220.635,236.739,254.553,270.228,293.288,298.316,292.804,268.408,241.184,235.652
2022-03-16,114.198,151.084,195.878,214.831,231.005,248.445,263.92,286.621,291.733,286.698,263.222,236.923,231.584
2022-03-17,111.412,147.483,191.586,210.553,226.698,243.702,258.999,281.361,286.431,281.692,259.065,233.721,228.614
2022-03-18,107.343,142.41,185.449,204.347,220.624,237.227,252.295,274.21,279.204,274.826,252.878,228.166,223.21
2022-03-19,104.854,139.636,182.126,200.826,217.09,233.586,248.396,270.125,275.006,270.643,248.835,224.196,219.243
2022-03-20,103.137,137.512,179.403,197.761,213.689,229.904,244.525,266.062,270.855,266.487,245.056,220.877,216.052
2022-03-21,101.195,135.027,176.199,194.207,209.856,225.742,240.069,261.337,265.982,261.698,240.816,217.17,212.381
2022-03-22,97.0468,130.121,170.328,188.006,203.523,219.079,233.232,254.344,259.312,255.532,235.293,212.178,207.409
2022-03-23,94.3342,126.633,165.66,182.663,197.568,212.804,226.731,247.549,252.502,249.082,229.511,206.934,202.196
2022-03-24,90.0668,121.154,158.509,175.288,190.298,205.281,218.893,239.433,244.604,241.688,222.665,200.594,195.892
2022-03-25,86.6013,116.495,152.459,169.118,184.146,198.807,212.188,232.325,237.388,234.733,216.452,195.467,191.149
2022-03-26,81.9358,110.845,145.55,161.939,176.901,191.168,204.44,224.352,229.603,227.297,209.915,190.008,186.047
2022-03-27,78.8275,107.084,140.819,156.884,171.614,185.52,198.649,218.332,223.545,221.463,204.607,185.222,181.386
2022-03-28,76.4596,104.139,137.186,153.042,167.632,181.163,194.019,213.381,218.455,216.49,200.057,181.131,177.429
2022-03-29,74.0421,100.944,132.908,148.492,162.867,175.949,188.595,207.723,212.889,211.188,195.412,177.215,173.683
2022-03-30,72.6829,99.065,130.393,145.842,160.221,173.034,185.43,204.271,209.12,207.32,191.858,174.1,170.644
2022-03-31,71.5754,97.6869,128.828,144.221,158.505,171.095,183.328,201.953,206.624,204.734,189.645,172.423,169.1
2022-04-01,69.9536,95.3013,125.5,140.713,154.882,167.163,179.385,197.827,202.575,200.968,186.443,169.928,166.818
2022-04-02,66.9133,91.5401,121.05,136.144,150.488,162.69,174.741,192.74,197.404,195.925,181.574,165.048,161.965
2022-04-03,65.4428,89.8308,118.99,133.921,148.113,160.199,172.108,189.835,194.357,192.833,178.549,162.035,158.979
2022-04-04,64.1209,87.9927,116.543,131.291,145.436,157.397,169.156,186.585,191.122,189.768,175.676,159.339,156.323
2022-04-05,62.2794,85.676,113.885,128.618,142.788,154.568,166.048,182.944,187.412,186.259,172.582,156.634,153.689
2022-04-06,60.302,83.0887,110.804,125.411,139.465,151.144,162.51,179.143,183.498,182.349,168.9,153.231,150.464
2022-04-07,58.1815,80.4817,107.779,122.264,136.202,147.76,158.895,175.05,179.134,178.01,164.932,149.778,147.248
2022-04-08,56.0379,77.6812,104.307,118.546,132.297,143.611,154.657,170.501,174.758,173.988,161.372,146.604,144.157
2022-04-09,53.4539,73.9458,99.3787,113.394,127.042,138.013,148.763,164.061,168.097,167.518,155.355,140.926,138.524
2022-04-10,51.5941,71.6431,96.5778,110.46,123.862,134.702,145.275,160.301,164.38,163.902,151.868,137.611,135.261
2022-04-11,50.6692,70.5172,95.0725,108.667,121.779,132.453,142.93,157.615,161.634,161.269,149.539,135.623,133.358
2022-04-12,49.877,69.085,92.7305,106.104,119.354,130.026,140.481,154.997,159.057,158.783,147.144,133.398,131.233
2022-04-13,48.0249,66.5114,89.2488,102.226,115.387,126.032,136.278,150.568,154.715,154.49,142.772,128.734,126.533
2022-04-14,46.0541,63.601,85.4561,98.3019,111.483,122.063,132.268,146.219,150.518,150.684,139.519,126.142,124.188
2022-04-15,43.9206,60.6327,81.7097,94.2085,107.002,117.264,127.043,140.462,144.799,145.228,134.844,122.401,120.685
2022-04-16,43.0781,59.7405,80.7557,93.2224,105.965,116.096,125.762,139.027,143.236,143.681,133.53,121.317,119.656
2022-04-17,42.576,58.8744,79.5323,91.8954,104.47,114.516,124.082,137.164,141.428,141.981,132.047,120.079,118.464
2022-04-18,40.4788,55.8103,75.4653,87.6195,100.17,110.079,119.538,132.357,136.716,137.518,128.015,116.533,115.046
2022-04-19,38.707,53.5705,72.6049,84.3886,96.6559,106.327,115.59,127.965,132.293,133.339,124.312,113.309,111.95
2022-04-20,37.9198,52.5131,71.1106,82.5559,94.5817,104.152,113.141,125.155,129.324,130.41,121.481,110.676,109.485
2022-04-21,36.7625,50.8103,68.8783,80.1125,92.0732,101.476,110.232,121.863,126.038,127.416,118.999,108.54,107.384
2022-04-22,35.0626,48.8351,66.5666,77.7026,89.4532,98.6788,107.247,118.621,122.795,124.329,116.177,106.022,104.985
2022-04-23,33.8646,47.2834,64.6071,75.4614,87.0656,96.0707,104.285,115.299,119.44,121.106,113.376,103.778,102.91
2022-04-24,32.4881,45.3641,62.1834,72.8707,84.4085,93.2766,101.345,111.93,115.898,117.637,110.37,101.37,100.689
2022-04-25,31.3508,43.8131,60.2557,70.7037,81.7516,90.3843,98.1877,108.386,112.364,114.286,107.507,99.1678,98.661
2022-04-26,30.4116,42.1977,57.9722,68.2226,79.302,87.747,95.446,105.354,109.382,111.559,105.174,97.2717,96.901
2022-04-27,28.8696,39.9748,54.9901,65.0131,75.9697,84.2288,91.7485,101.305,105.351,107.759,101.742,94.1063,93.777
2022-04-28,28.6317,39.6828,54.4389,64.2625,75.0273,83.1402,90.4912,99.8196,103.834,106.33,100.567,93.2076,92.9275
2022-04-29,27.4722,38.0193,52.2934,61.9751,72.6092,80.5325,87.7231,96.7481,100.971,103.76,98.3785,91.503,91.3718
2022-04-30,26.6058,36.9826,50.8927,60.4076,70.8746,78.5665,85.4638,93.9935,98.2194,101.319,96.3376,89.7834,89.7251
2022-05-01,25.7673,35.8346,49.282,58.5691,68.9061,76.3248,82.7431,90.6249,94.8445,98.3258,93.8477,87.8189,87.9618
2022-05-02,25.3546,35.052,48.1232,57.3005,67.4463,74.7874,81.1152,88.8377,93.0183,96.5405,92.1879,86.2457,86.421
2022-05-03,24.1298,33.3248,45.7709,54.6823,64.5768,71.6751,77.7105,84.9927,89.1142,93.0036,89.28,83.9124,84.2697
2022-05-04,23.4094,32.1138,44.0438,52.8022,62.5782,69.6386,75.7321,82.9674,87.1102,90.9858,87.4542,82.3216,82.6997
2022-05-05,22.6973,31.0257,42.4122,50.871,60.4538,67.4488,73.4452,80.6023,84.8531,88.8806,85.7692,81.1045,81.5671
2022-05-06,22.3214,30.3767,41.486,49.8071,59.2285,66.1368,72.0769,79.1211,83.3652,87.3921,84.5606,80.1883,80.6809
2022-05-07,21.2126,28.9045,39.5831,47.8051,57.2076,64.0118,69.8833,76.8358,81.2133,85.3968,82.836,78.62,79.0619
2022-05-08,20.5157,28.045,38.5241,46.5434,55.665,62.3653,68.0806,74.8937,79.2057,83.3568,80.9224,76.8528,77.2877
2022-05-09,19.9176,27.1768,37.2129,44.9309,53.7409,60.2149,65.715,72.2902,76.4265,80.5408,78.2858,74.467,74.9847
2022-05-10,19.5852,26.4726,35.8716,43.1739,51.6171,57.9904,63.3918,69.8667,73.9441,78.0018,75.8741,72.1676,72.6453
2022-05-11,19.2759,25.9186,34.9303,41.9838,50.083,56.3342,61.4935,67.7057,71.5517,75.4343,73.3174,69.5946,70.026
2022-05-12,18.9442,25.454,34.314,41.2618,49.2117,55.3013,60.2993,66.3432,70.0381,73.7694,71.581,67.8,68.3226
2022-05-13,18.808,25.2234,33.9694,40.8434,48.8048,54.8758,59.8071,65.7681,69.413,73.0974,70.8728,67.0107,67.5444
2022-05-14,18.2575,24.4795,33.0813,39.9408,47.8582,53.9264,58.8802,64.7887,68.4841,72.24,70.0261,66.0648,66.5526
2022-05-15,17.8689,24.0309,32.4921,39.2598,47.0649,53.1011,58.0058,63.8424,67.4711,71.212,68.9484,64.8418,65.3166
2022-05-16,17.2232,23.0888,31.1942,37.9222,45.6097,51.4887,56.3288,62.1125,65.8244,69.6802,67.5881,63.6171,64.0845
2022-05-17,14.9344,20.0605,27.6906,34.4526,42.1923,47.958,52.7922,58.4454,62.0973,65.9961,64.153,60.4695,60.968
2022-05-18,13.8091,18.4071,25.6179,32.1428,39.5508,45.0485,49.5611,54.7934,58.0832,61.8432,60.2515,56.8661,57.4753
2022-05-19,12.8559,16.8585,23.3385,29.4898,36.5255,41.7996,46.2368,51.358,54.7161,58.5902,57.4316,54.4792,55.2089
2022-05-20,11.7951,15.4982,21.7538,27.7446,34.5549,39.6718,43.9718,48.8763,52.1003,55.9041,54.9314,52.0356,52.7523
2022-05-21,11.3454,14.9366,20.98,26.7416,33.2656,38.3016,42.4702,47.2333,50.4142,54.282,53.4433,50.5982,51.2678
2022-05-22,11.0045,14.4663,20.2846,25.9389,32.2946,37.2437,41.3443,45.9801,49.0286,52.7993,51.9835,49.1389,49.8042
2022-05-23,9.95595,12.929,18.1106,23.7423,30.2716,35.0892,39.2382,43.8086,46.91,50.7639,49.9503,46.9369,47.4972
2022-05-24,9.851,12.7921,17.9014,23.4484,29.8651,34.5951,38.6231,43.0599,46.0188,49.7393,48.8173,45.6137,46.1058
2022-05-25,9.47825,12.2084,16.9536,22.1755,28.2817,32.8118,36.7537,41.0636,44.0219,47.8266,47.1339,44.2279,44.8015
2022-05-26,8.80172,11.4303,16.0236,21.1055,27.0782,31.5684,35.4542,39.7074,42.703,46.5878,46.0421,43.2108,43.7665
2022-05-27,8.1452,10.6556,15.0306,19.9436,25.6915,30.0402,33.9299,38.1105,41.1131,45.1024,44.8315,42.1646,42.6532
2022-05-28,7.69895,10.1269,14.3163,19.0501,24.605,28.9375,32.7717,36.8914,39.8279,43.7955,43.63,40.9922,41.462
2022-05-29,6.66523,8.7035,12.5998,17.2869,22.8795,27.0686,30.8635,34.8928,37.9112,41.9528,42.0982,39.8026,40.2898
2022-05-30,5.82563,7.83893,11.5064,15.9103,21.2209,25.2869,28.8739,32.6086,35.4631,39.3959,39.6374,37.5981,38.1396
2022-05-31,5.79576,7.77069,11.3687,15.6857,20.8627,24.8359,28.3073,31.9452,34.7658,38.7282,39.0443,36.9922,37.5112
2022-06-01,5.58526,7.35535,10.8233,15.1023,20.2676,24.12,27.487,31.0628,33.8615,37.8045,38.2136,36.2829,36.8424
2022-06-02,5.3047,7.08773,10.5749,14.7736,19.7622,23.489,26.7506,30.2424,32.8686,36.6277,37.0755,35.2089,35.6901
2022-06-03,5.21247,6.94864,10.3864,14.5526,19.4303,23.1419,26.4233,29.9273,32.549,36.3028,36.7503,34.8525,35.2957
2022-06-04,5.07227,6.73722,10.0346,13.9854,18.5647,22.1459,25.4866,29.085,31.7529,35.5204,36.0678,34.3023,34.757
2022-06-05,4.99903,6.53987,9.68251,13.5772,18.0894,21.5549,24.9345,28.5193,31.1524,34.8072,35.3814,33.7265,34.2089
2022-06-06,4.12578,5.496,8.20063,11.7053,15.7456,18.9874,22.4358,26.1203,28.938,32.7019,33.5092,32.1621,32.6325
2022-06-07,3.38953,4.67597,7.16737,10.4958,14.3961,17.4486,20.9338,24.6772,27.5657,31.3621,32.2925,31.0521,31.4667
2022-06-08,2.94075,4.15536,6.41806,9.48841,13.0289,15.7602,19.1991,22.9979,26.0084,29.8546,31.017,30.0969,30.551
2022-06-09,2.84933,3.981,6.07269,8.94806,12.2491,14.9541,18.4022,22.2234,25.2268,29.0067,30.1103,29.1291,29.5051
2022-06-10,2.67949,3.76571,5.76514,8.58624,11.8839,14.4994,17.8855,21.6291,24.5726,28.3189,29.4531,28.5242,28.8763
2022-06-11,2.65681,3.7214,5.66437,8.39257,11.546,14.0716,17.4787,21.2339,24.2022,27.9784,29.1537,28.2667,28.6114
2022-06-12,2.62978,3.62955,5.49552,8.11672,11.1125,13.5328,16.9098,20.6576,23.6425,27.4018,28.6373,27.8575,28.2165
2022-06-13,2.57625,3.52045,5.36319,7.97364,10.9382,13.3187,16.6455,20.3718,23.337,27.072,28.2781,27.4498,27.7731
2022-06-14,2.5726,3.49735,5.27278,7.73529,10.5032,12.7987,16.0523,19.7689,22.7548,26.4936,27.6761,26.79,27.073
2022-06-15,2.57219,3.49242,5.24054,7.6615,10.377,12.6343,15.8868,19.5929,22.5592,26.2746,27.4553,26.5525,26.811
2022-06-16,2.39707,3.24106,4.98514,7.38718,9.98402,12.06,15.2276,18.8972,21.9112,25.6267,26.8805,26.1014,26.4031
2022-06-17,1.61159,2.38798,4.11767,6.4861,9.00745,10.9289,14.0428,17.7555,20.9827,24.8129,26.1612,25.4874,25.8051
2022-06-18,1.55584,2.2736,3.95358,6.33547,8.8823,10.7758,13.8636,17.5457,20.6953,24.4686,25.8014,25.1075,25.3985
2022-06-19,1.55301,2.27033,3.93837,6.28697,8.79328,10.6284,13.6673,17.3101,20.4377,24.1672,25.5381,24.9133,25.2011
2022-06-20,1.55301,2.27032,3.93837,6.28625,8.78672,10.6092,13.617,17.2107,20.2696,23.961,25.3208,24.715,25.007
2022-06-21,1.55301,2.27032,3.93837,6.28564,8.7853,10.6042,13.6037,17.1789,20.1873,23.8254,25.1645,24.5566,24.8495
2022-06-22,1.55289,2.26755,3.9197,6.22968,8.68244,10.4734,13.4283,16.9525,19.9087,23.5168,24.9027,24.3728,24.6629
2022-06-23,1.55264,2.26728,3.91841,6.22807,8.67665,10.4665,13.4178,16.935,19.8791,23.4642,24.8393,24.2976,24.5715
2022-06-24,1.55228,2.26513,3.91181,6.21952,8.66543,10.4588,13.411,16.9301,19.868,23.4465,24.8156,24.2607,24.5243
2022-06-25,1.55117,2.26299,3.90233,6.19896,8.64082,10.4223,13.3467,16.8344,19.7324,23.2596,24.6159,24.0691,24.3349
2022-06-26,1.47235,2.06392,3.46461,5.60038,7.89436,9.43828,12.2284,15.6642,18.7554,22.457,23.9777,23.5723,23.8445
2022-06-27,1.42097,1.93869,3.23108,5.27548,7.40482,8.69698,11.3873,14.7635,17.882,21.5795,23.2321,23.0158,23.2889
2022-06-28,1.19162,1.68095,2.98844,5.02581,7.14298,8.40755,11.0573,14.4138,17.5872,21.3313,23.0045,22.7886,23.0433
2022-06-29,1.17588,1.65134,2.91864,4.82521,6.69205,7.80917,10.349,13.6603,17.0277,20.9224,22.6829,22.5237,22.7757
2022-06-30,0.716415,0.987883,1.85663,3.48743,5.1594,6.15065,8.79098,12.1511,15.6739,19.7077,21.5688,21.4944,21.705
